{"playerData":{"playerStats":[100.0,1994.0,98.0],"playerPositionAndRotation":[29.303359985351564,1.929999589920044,27.309629440307618,0.28157252073287966,0.6926650404930115,-0.34303465485572817],"inventoryContent":["Stone","Stone","Stone"],"quickSlotsContent":[]},"environmentData":{"pickedupItems":["Stone0001","Stone0002","Stone0004"]}}