{"playerData":{"playerStats":[100.0,1739.0,80.0],"playerPositionAndRotation":[59.36483383178711,1.9299997091293336,62.968116760253909,0.15424056351184846,0.2652100622653961,-0.04302282631397247],"inventoryContent":["Log","Log","Stone"],"quickSlotsContent":["Axe"]}}